{
  "IcoMoonType": "selection",
  "icons": [
    {
      "icon": {
        "paths": [
          "M810 554h-256v256h-84v-256h-256v-84h256v-256h84v256h256v84z"
        ],
        "attrs": [],
        "isMulticolor": false,
        "isMulticolor2": false,
        "tags": [
          "add"
        ],
        "grid": 24
      },
      "attrs": [],
      "properties": {
        "ligatures": "add",
        "id": 146,
        "order": 9,
        "prevSize": 24,
        "name": "plus"
      },
      "setIdx": 0,
      "setId": 3,
      "iconIdx": 146
    },
    {
      "icon": {
        "paths": [
          "M884 300l-78 78-160-160 78-78q12-12 30-12t30 12l100 100q12 12 12 30t-12 30zM128 736l472-472 160 160-472 472h-160v-160z"
        ],
        "attrs": [],
        "isMulticolor": false,
        "isMulticolor2": false,
        "tags": [
          "create",
          "mode_edit",
          "edit"
        ],
        "grid": 24
      },
      "attrs": [],
      "properties": {
        "ligatures": "create, mode_edit, edit",
        "id": 157,
        "order": 7,
        "prevSize": 24,
        "name": "edit"
      },
      "setIdx": 0,
      "setId": 3,
      "iconIdx": 157
    },
    {
      "icon": {
        "paths": [
          "M640 384v-170h-426v170h426zM512 810q52 0 90-38t38-90-38-90-90-38-90 38-38 90 38 90 90 38zM726 128l170 170v512q0 34-26 60t-60 26h-596q-36 0-61-25t-25-61v-596q0-36 25-61t61-25h512z"
        ],
        "attrs": [],
        "isMulticolor": false,
        "isMulticolor2": false,
        "tags": [
          "save"
        ],
        "grid": 24
      },
      "attrs": [],
      "properties": {
        "ligatures": "save",
        "id": 172,
        "order": 8,
        "prevSize": 24,
        "name": "save"
      },
      "setIdx": 0,
      "setId": 3,
      "iconIdx": 172
    },
    {
      "icon": {
        "paths": [
          "M896 470v84h-604l152 154-60 60-256-256 256-256 60 60-152 154h604z"
        ],
        "attrs": [],
        "isMulticolor": false,
        "isMulticolor2": false,
        "tags": [
          "keyboard_backspace"
        ],
        "grid": 24
      },
      "attrs": [],
      "properties": {
        "ligatures": "keyboard_backspace",
        "id": 346,
        "order": 5,
        "prevSize": 24,
        "name": "left"
      },
      "setIdx": 0,
      "setId": 3,
      "iconIdx": 346
    },
    {
      "icon": {
        "paths": [
          "M810 170v86h-596v-86h148l44-42h212l44 42h148zM256 810v-512h512v512q0 34-26 60t-60 26h-340q-34 0-60-26t-26-60z"
        ],
        "attrs": [],
        "isMulticolor": false,
        "isMulticolor2": false,
        "tags": [
          "delete"
        ],
        "grid": 24
      },
      "attrs": [],
      "properties": {
        "ligatures": "delete",
        "id": 737,
        "order": 6,
        "prevSize": 24,
        "name": "delete"
      },
      "setIdx": 0,
      "setId": 3,
      "iconIdx": 737
    }
  ],
  "height": 1024,
  "preferences": {
    "showGlyphs": true,
    "showCodes": true,
    "showQuickUse": true,
    "showQuickUse2": true,
    "showSVGs": true,
    "fontPref": {
      "prefix": "icon-",
      "metadata": {},
      "metrics": {
        "emSize": 1024,
        "baseline": 6.25,
        "whitespace": 50
      }
    },
    "imagePref": {
      "prefix": "icon-",
      "png": true,
      "useClassSelector": true,
      "color": 0,
      "bgColor": 16777215,
      "name": "icomoon",
      "classSelector": ".icon"
    },
    "historySize": 50
  }
}